Dataset,EmbeddingName,SimilarityMeasure,Precision,Recall,F1-score,Alpha,Beta
person,RESCAL,hpp_sim,0.0,0.0,0.0,0.0,0.0
person,RESCAL,jaro_winkler,0.0,0.0,0.0,0.0,0.0
SPIMBENCH_small-2019,RESCAL,hpp_sim,0.32,0.09,0.14,0.02,1.0
SPIMBENCH_small-2019,RESCAL,jaro_winkler,0.35,0.09,0.14,0.02,1.0
doremus,RESCAL,hpp_sim,0.0,0.0,0.0,0.0,0.0
doremus,RESCAL,jaro_winkler,0.0,0.0,0.0,0.0,0.0
person,TransE,hpp_sim,0.0,0.0,0.0,0.0,0.0
person,TransE,jaro_winkler,0.0,0.0,0.0,0.0,0.0
SPIMBENCH_small-2019,TransE,hpp_sim,0.37,0.06,0.1,0.02,1.0
SPIMBENCH_small-2019,TransE,jaro_winkler,0.35,0.05,0.09,0.02,1.0
doremus,TransE,hpp_sim,0.0,0.0,0.0,0.0,0.0
doremus,TransE,jaro_winkler,0.0,0.0,0.0,0.0,0.0
person,DistMult,hpp_sim,0.03,0.03,0.03,0.02,0.91
person,DistMult,jaro_winkler,0.01,0.01,0.01,0.02,0.85
SPIMBENCH_small-2019,DistMult,hpp_sim,0.33,0.07,0.12,0.96,1.0
SPIMBENCH_small-2019,DistMult,jaro_winkler,0.23,0.06,0.1,0.98,1.0
doremus,DistMult,hpp_sim,0.0,0.0,0.0,0.0,0.0
doremus,DistMult,jaro_winkler,0.0,0.0,0.0,0.0,0.0
person,ComplEx,hpp_sim,0.0,0.0,0.0,0.0,0.0
person,ComplEx,jaro_winkler,0.0,0.0,0.0,0.0,0.0
SPIMBENCH_small-2019,ComplEx,hpp_sim,0.0,0.0,0.0,0.0,0.0
SPIMBENCH_small-2019,ComplEx,jaro_winkler,0.0,0.0,0.0,0.0,0.0
person,RESCAL,hpp_sim,0.0,0.0,0.0,0.0,0.0
person,RESCAL,jaro_winkler,0.0,0.0,0.0,0.0,0.0
SPIMBENCH_small-2019,RESCAL,hpp_sim,0.32,0.09,0.14,0.02,1.0
SPIMBENCH_small-2019,RESCAL,jaro_winkler,0.35,0.09,0.14,0.02,1.0
doremus,RESCAL,hpp_sim,0.0,0.0,0.0,0.0,0.0
doremus,RESCAL,jaro_winkler,0.0,0.0,0.0,0.0,0.0
person,TransE,hpp_sim,0.0,0.0,0.0,0.0,0.0
person,TransE,jaro_winkler,0.0,0.0,0.0,0.0,0.0
SPIMBENCH_small-2019,TransE,hpp_sim,0.37,0.06,0.1,0.02,1.0
SPIMBENCH_small-2019,TransE,jaro_winkler,0.35,0.05,0.09,0.02,1.0
doremus,TransE,hpp_sim,0.0,0.0,0.0,0.0,0.0
doremus,TransE,jaro_winkler,0.0,0.0,0.0,0.0,0.0
person,DistMult,hpp_sim,0.03,0.03,0.03,0.02,0.91
person,DistMult,jaro_winkler,0.01,0.01,0.01,0.02,0.85
SPIMBENCH_small-2019,DistMult,hpp_sim,0.33,0.07,0.12,0.96,1.0
SPIMBENCH_small-2019,DistMult,jaro_winkler,0.23,0.06,0.1,0.98,1.0
doremus,DistMult,hpp_sim,0.0,0.0,0.0,0.0,0.0
doremus,DistMult,jaro_winkler,0.0,0.0,0.0,0.0,0.0
person,ComplEx,hpp_sim,0.0,0.0,0.0,0.0,0.0
person,ComplEx,jaro_winkler,0.0,0.0,0.0,0.0,0.0
SPIMBENCH_small-2019,ComplEx,hpp_sim,0.0,0.0,0.0,0.0,0.0
SPIMBENCH_small-2019,ComplEx,jaro_winkler,0.0,0.0,0.0,0.0,0.0
doremus,ComplEx,hpp_sim,0.0,0.0,0.0,0.0,0.0
doremus,ComplEx,jaro_winkler,0.0,0.0,0.0,0.0,0.0
person,r2v,hpp_sim,0.04,0.61,0.08,0.02,0.98
person,r2v,jaro_winkler,0.05,0.16,0.08,0.96,0.99
SPIMBENCH_small-2019,r2v,hpp_sim,0.01,0.01,0.01,0.02,0.99
SPIMBENCH_small-2019,r2v,jaro_winkler,0.01,0.04,0.02,0.99,1.0
doremus,r2v,hpp_sim,0.35,0.18,0.24,0.02,1.0
doremus,r2v,jaro_winkler,0.35,0.18,0.24,0.02,1.0
SPIMBENCH_small-p-2019,RESCAL,hpp_sim,0.32,0.08,0.13,0.02,1.0
SPIMBENCH_small-p-2019,RESCAL,jaro_winkler,0.35,0.09,0.14,0.02,1.0
SPIMBENCH_small-p-2019,TransE,hpp_sim,0.38,0.06,0.1,0.02,1.0
SPIMBENCH_small-p-2019,TransE,jaro_winkler,0.32,0.06,0.1,0.02,1.0
